04188,0,0,0,0,1,0,0,0,0,1,0,1,0,1,0,0,0,1,1,1,1,0,1,0,1,1,0,0,0,1,1,0,0,0,0,0,1,1,1,0,0,1,1,0,0,0,0,1
04189,1,1,0,1,0,1,0,0,1,1,0,0,0,0,0,0,0,0,1,0,1,1,1,0,0,1,1,0,1,1,0,1,0,0,1,1,1,0,0,0,0,0,0,0,0,0,0,0
04190,1,1,1,1,1,1,1,1,1,1,1,1,1,1,1,1,1,1,1,1,1,1,1,1,1,1,1,1,1,1,1,1,1,1,1,1,1,1,1,1,1,1,1,1,1,1,1,1
04191,0,0,0,1,1,0,0,0,0,1,0,1,0,1,1,1,1,1,1,0,1,0,0,1,0,1,0,0,0,0,1,0,1,0,0,0,0,1,0,0,0,1,0,1,0,1,1,1
04192,0,0,0,1,0,1,0,0,0,1,1,0,0,0,1,0,0,1,1,0,0,0,1,0,1,0,1,0,0,0,0,0,0,0,0,0,0,1,0,0,0,0,1,1,0,0,0,1
04193,0,0,0,0,1,0,1,0,0,1,0,1,0,1,1,1,1,1,1,1,1,1,1,1,1,1,0,0,0,1,1,0,1,1,0,0,0,1,0,0,0,1,0,1,0,1,0,1
04194,0,0,0,1,0,1,0,0,0,1,0,1,0,1,1,1,1,0,1,1,1,1,1,0,1,1,0,0,1,1,1,0,1,1,1,0,1,0,1,0,0,1,1,1,0,1,0,1
04195,0,0,0,0,0,0,0,0,0,1,0,1,1,0,0,0,1,0,1,1,0,1,1,0,1,1,0,0,0,0,0,0,1,0,1,0,0,1,0,0,0,0,0,0,0,0,0,0
04196,0,0,0,1,1,0,0,0,1,1,0,1,0,0,1,0,1,1,1,0,1,0,1,1,1,1,1,0,0,0,1,0,1,1,0,0,0,1,0,0,0,0,0,1,1,1,0,1
04197,1,0,0,0,1,1,0,0,0,1,1,0,0,1,0,1,0,1,1,1,1,0,1,1,0,0,1,0,1,0,0,1,1,0,0,0,1,1,0,0,1,0,0,0,0,0,0,1
04198,1,0,1,0,1,0,1,1,0,1,0,0,0,0,0,0,1,0,1,1,0,1,1,1,0,1,0,0,0,0,0,0,0,0,1,1,1,1,0,0,0,0,0,0,0,0,0,1
04199,0,1,0,1,1,0,0,0,0,0,0,0,0,0,0,0,1,1,0,0,0,1,1,0,0,0,0,0,0,0,0,0,0,0,0,0,1,1,1,0,0,0,0,0,0,1,1,0
04200,1,0,0,0,0,0,0,0,0,0,0,0,0,0,0,0,0,0,1,0,0,1,0,0,0,0,0,0,0,0,0,0,0,0,0,0,0,0,0,0,0,0,0,0,0,0,0,1
04202,1,1,0,0,1,1,0,0,0,0,0,0,0,0,0,0,0,1,0,1,0,0,1,0,1,1,0,1,0,1,1,1,0,1,1,1,0,0,0,0,0,0,0,0,0,0,0,0
04203,0,0,0,0,0,1,0,1,0,0,0,0,1,0,0,0,0,0,0,0,1,0,0,1,0,0,0,1,1,1,0,0,0,0,1,1,0,0,0,0,1,0,0,1,0,0,0,0
04204,1,0,0,0,0,0,0,0,1,0,1,0,0,1,0,0,0,0,1,1,1,0,1,0,0,0,0,0,1,1,0,1,0,1,0,0,1,1,1,0,1,0,0,0,0,1,0,1
04205,0,0,0,0,0,0,0,0,1,0,0,0,0,0,1,1,1,0,0,0,0,0,1,1,1,1,1,0,1,1,1,1,0,0,1,1,1,1,0,0,0,0,0,0,0,0,0,0
04206,0,0,0,1,1,1,0,0,1,1,0,1,0,1,0,0,0,1,1,0,1,1,1,0,1,1,1,1,0,0,0,0,0,1,1,0,1,0,0,1,0,1,1,0,1,0,0,0
04207,0,1,0,0,1,1,1,0,0,1,1,1,0,0,1,1,1,1,1,0,1,1,1,0,1,1,1,0,1,1,0,0,0,1,1,0,0,1,0,0,0,1,1,0,1,1,0,1
04208,1,0,0,0,0,0,0,0,0,1,0,0,0,0,0,0,0,1,0,0,0,0,1,0,1,1,0,0,0,1,1,0,0,0,0,0,0,0,0,0,1,0,0,0,0,0,0,0
04209,1,0,1,1,1,1,1,0,1,1,0,1,0,1,0,0,0,0,1,1,1,0,1,1,1,1,0,0,1,1,0,0,0,1,0,1,0,0,1,0,0,1,1,0,1,1,0,1
04210,0,1,1,1,1,1,1,0,1,1,0,0,1,0,1,1,1,1,1,1,1,1,1,1,1,1,1,0,1,1,0,1,0,1,1,0,1,1,1,0,0,1,1,0,1,1,0,1
04211,0,0,0,1,0,0,0,0,0,1,0,0,0,1,0,0,0,1,1,0,1,1,1,1,1,1,1,0,0,0,0,0,0,0,0,0,0,0,1,0,0,0,0,0,0,1,0,1
04212,0,0,0,0,0,1,0,0,0,0,1,1,0,0,0,1,0,0,0,0,1,0,0,1,0,0,0,0,0,0,0,1,0,1,1,0,0,1,0,0,0,1,0,1,0,0,0,0
04213,0,0,0,0,1,1,0,0,0,0,0,0,1,1,0,0,0,0,1,0,1,1,1,0,0,1,0,0,0,1,0,0,0,1,0,0,0,1,0,0,0,0,0,0,0,1,0,1
04214,0,0,0,1,1,1,0,0,0,1,1,1,0,1,0,0,1,1,1,1,0,1,1,0,0,1,0,0,0,1,0,1,0,0,0,0,0,1,0,1,0,0,0,0,0,0,1,0
04215,0,0,0,0,1,1,0,1,0,1,0,1,0,1,1,1,1,1,1,1,1,1,0,1,0,0,0,0,0,0,1,0,1,0,1,0,0,0,0,0,0,1,0,1,0,0,0,1
04216,0,1,1,0,1,1,0,0,0,1,0,1,1,1,0,1,1,1,1,0,1,1,1,0,0,1,1,0,1,0,0,0,0,0,1,0,0,1,1,1,0,0,0,0,0,0,0,0
04217,0,0,0,1,1,0,0,0,0,0,0,0,0,0,0,0,0,0,0,0,0,0,0,1,0,0,1,1,0,1,0,1,0,0,0,0,1,1,0,0,0,0,1,1,0,0,1,1
04218,0,0,0,1,1,1,0,0,0,0,0,0,0,0,0,0,0,0,1,0,0,0,1,0,1,0,0,0,0,1,0,1,0,0,0,0,1,1,0,1,1,0,0,1,0,1,0,1
04219,1,0,1,1,1,1,1,1,1,1,0,1,1,0,1,1,1,1,1,1,1,1,1,1,1,1,0,1,0,1,1,1,1,1,1,0,1,1,1,0,0,1,0,1,0,1,0,1
04220,0,0,0,1,0,1,0,0,0,1,0,1,0,0,0,1,0,1,1,1,0,1,1,1,0,1,1,0,1,0,1,0,1,1,0,0,1,1,0,0,0,1,1,1,0,1,0,1
04221,0,0,0,1,1,1,0,0,0,1,0,1,1,0,0,1,0,0,1,0,0,0,1,0,1,1,0,0,0,0,0,1,1,1,0,0,0,0,0,0,0,0,0,0,0,0,0,1
04222,0,0,0,0,1,1,0,0,1,0,1,0,1,0,0,0,0,1,0,0,1,1,0,0,0,0,0,0,0,1,0,0,0,0,0,0,0,0,0,0,0,0,0,0,0,0,0,1
04223,0,1,1,0,1,1,0,0,1,0,0,0,0,1,0,0,1,1,0,0,0,0,0,0,0,0,0,0,0,0,1,1,0,0,1,0,0,1,0,0,0,1,0,0,1,1,0,0
04224,0,0,0,1,1,1,1,0,0,1,0,1,0,0,1,1,0,1,1,1,1,0,1,1,0,1,0,0,0,1,0,0,0,0,0,1,1,0,1,0,1,1,1,0,1,0,0,0
04225,0,0,1,1,1,0,0,0,1,1,1,1,1,0,1,1,0,0,0,0,1,1,1,0,1,0,0,0,1,1,0,1,1,0,1,0,0,0,1,1,0,0,1,0,0,1,0,1
04226,1,0,0,1,1,0,1,0,0,0,0,0,0,0,1,0,0,0,1,1,1,0,1,0,1,0,0,0,1,0,0,1,1,0,0,0,1,1,0,1,0,0,0,0,0,1,0,1
04227,1,0,1,1,1,1,1,0,0,1,0,1,0,1,1,1,1,1,1,0,1,1,1,0,1,1,0,0,0,1,0,1,0,1,1,1,1,1,1,0,0,0,1,0,1,0,0,0
04228,1,0,1,0,1,0,1,0,0,1,0,1,0,0,1,1,0,0,0,0,1,0,1,1,0,0,0,0,0,0,0,1,1,1,1,1,1,0,0,0,0,1,0,1,0,0,0,0
04229,0,0,0,1,1,1,0,0,0,1,0,1,1,0,0,1,1,1,1,1,0,1,1,1,1,1,1,0,0,0,0,0,0,0,0,0,0,1,0,0,0,1,0,0,1,1,0,1
04230,0,0,1,1,0,1,1,0,0,0,0,1,0,0,0,0,0,0,0,0,1,1,1,1,0,1,1,0,1,1,0,0,0,0,0,0,1,1,1,0,0,0,1,0,0,1,0,1
04231,1,0,1,1,1,0,1,0,1,0,0,1,0,0,0,0,0,0,1,0,0,1,0,0,1,1,0,0,0,1,0,1,0,1,1,1,0,1,0,0,1,0,0,0,0,0,0,1
04232,1,0,0,1,1,0,1,1,0,0,0,0,0,0,0,0,0,1,0,0,0,0,0,0,0,0,0,0,0,1,0,1,0,0,0,0,0,1,1,0,1,0,1,0,1,0,0,1
04233,1,1,0,1,1,1,1,0,0,1,0,1,0,1,0,1,1,1,1,1,1,1,1,1,1,1,0,0,1,1,1,1,0,0,0,0,0,1,1,0,1,0,0,0,1,0,1,1
04234,1,0,1,1,1,1,0,0,0,1,0,0,1,0,1,0,0,0,1,0,0,1,0,0,1,0,0,0,1,0,1,1,1,0,0,1,0,1,0,1,0,0,0,1,1,0,0,1
04235,0,0,0,1,1,1,0,0,0,1,1,1,0,1,1,0,0,0,1,0,1,0,1,0,1,0,1,0,0,0,0,0,0,1,1,0,0,1,1,0,0,1,0,0,1,1,0,1
04236,0,0,0,0,1,0,0,0,0,0,0,1,0,0,1,1,0,0,0,0,0,1,0,0,0,0,0,0,0,0,0,0,0,0,0,0,0,1,0,0,0,1,1,0,0,1,0,1
04237,0,0,0,1,1,1,0,0,0,0,0,1,0,1,0,0,1,0,0,0,1,0,0,0,1,1,0,0,0,0,1,1,0,1,0,0,0,1,0,0,0,0,0,0,0,0,0,0
04238,0,1,0,1,1,1,0,1,0,1,0,1,0,0,0,0,0,1,1,1,1,1,1,1,1,1,0,0,1,0,0,0,0,1,0,0,1,0,1,0,0,1,1,0,1,1,0,1
04239,0,0,0,1,1,0,1,0,0,0,0,0,1,0,0,1,0,0,1,1,0,1,0,0,0,0,0,0,1,0,0,1,1,1,0,0,1,1,1,0,0,0,0,1,0,0,0,0
04240,0,0,1,0,1,0,0,1,0,0,0,1,1,0,0,0,0,0,0,0,0,0,0,0,0,1,0,1,0,0,0,1,0,0,1,0,0,0,1,0,0,1,0,0,1,0,1,0
04241,1,0,0,1,1,1,1,0,0,1,1,0,1,1,0,0,1,0,1,1,1,0,1,1,0,1,1,1,1,0,0,1,0,0,0,0,0,1,1,0,0,0,1,0,0,0,0,1
04242,1,0,1,1,1,0,0,0,0,1,0,1,0,0,1,1,1,0,1,1,1,0,0,0,1,0,0,0,0,0,1,0,1,0,0,0,0,0,0,0,0,1,0,1,0,1,0,1
04243,1,0,0,1,0,0,0,0,1,1,0,0,0,0,0,1,0,0,0,1,0,0,0,0,0,0,0,0,0,1,0,1,0,1,0,0,1,1,0,1,0,0,0,0,0,0,0,1
04244,0,1,1,0,1,1,1,1,0,0,0,0,0,0,0,1,0,1,0,1,1,0,0,0,0,0,0,1,0,0,0,0,0,0,0,0,0,0,0,0,1,0,0,0,0,0,0,0
04245,0,0,0,1,1,1,0,0,0,1,1,0,0,1,0,0,0,1,1,1,1,1,1,1,1,1,1,0,1,0,1,1,0,1,1,0,1,1,1,0,0,1,1,1,1,1,1,1
04246,1,0,0,0,1,0,0,0,1,1,0,0,1,0,1,1,0,1,1,1,1,1,1,1,1,1,0,0,0,1,0,1,0,1,1,0,1,0,0,0,0,0,1,0,1,1,0,1
04247,1,0,0,0,0,1,0,0,0,0,0,0,0,0,0,0,0,1,0,0,1,1,0,0,1,0,0,0,0,1,0,0,0,0,0,1,0,0,1,0,0,1,1,0,0,0,0,0
04248,0,1,0,0,0,1,1,0,0,1,1,1,0,0,0,0,1,1,1,1,1,1,1,1,0,0,1,0,1,0,0,1,0,0,1,0,0,1,0,1,0,0,1,0,1,0,0,1
04249,1,1,0,1,0,1,0,0,1,1,0,1,0,0,0,0,0,1,0,1,1,0,1,0,0,0,1,1,0,0,0,0,0,1,0,0,0,0,1,1,1,0,0,0,1,0,1,1
04250,0,0,0,1,0,1,1,0,0,1,0,1,0,0,0,1,1,1,1,0,1,1,1,1,1,0,0,1,0,0,0,0,0,1,1,0,1,0,0,0,0,1,0,0,0,1,0,1
04251,1,0,0,1,0,1,1,1,0,0,0,0,1,0,0,0,0,0,0,1,0,0,1,1,0,1,0,0,0,0,0,0,0,0,0,1,0,0,0,1,0,0,0,0,1,0,0,0
04252,0,0,0,0,1,1,1,0,1,1,1,1,1,1,0,1,1,1,1,0,1,1,1,0,0,1,1,0,1,1,0,1,0,1,0,0,0,1,1,0,0,0,1,0,0,0,0,1
04253,0,0,0,0,1,0,0,0,0,0,0,1,0,1,1,1,1,1,1,0,1,0,1,1,1,0,0,0,0,0,1,0,1,0,0,0,1,1,0,0,0,1,0,1,0,1,0,1
04254,0,0,1,0,0,0,0,0,0,1,0,0,0,0,0,0,0,1,1,0,1,1,1,1,1,0,0,0,1,0,0,0,0,1,1,1,1,0,0,0,0,0,0,0,0,0,0,1
04255,0,0,0,1,0,1,0,0,0,0,1,0,0,1,0,0,0,0,0,1,1,0,0,0,0,0,1,0,1,0,1,1,0,0,0,0,0,1,0,0,0,1,0,0,0,1,0,1
04256,0,0,0,0,1,1,0,0,0,0,0,0,0,0,0,0,1,0,0,0,1,0,0,1,0,1,0,0,0,0,0,1,0,0,0,0,1,1,0,1,0,0,0,0,0,0,0,0
04257,0,0,0,1,1,1,0,1,0,1,0,1,0,1,0,1,1,1,1,1,1,1,1,1,1,1,1,0,0,1,1,0,1,1,1,0,0,1,0,0,0,1,1,0,1,1,0,1
04258,0,0,0,0,1,1,0,0,0,0,0,1,1,0,1,0,0,0,0,0,1,0,0,1,0,0,1,0,0,0,0,0,0,0,1,0,1,1,0,0,1,0,0,1,0,0,1,1
04259,0,0,1,1,1,1,1,0,0,1,1,1,0,0,1,1,1,1,1,1,1,1,1,1,1,1,0,1,1,1,0,1,0,1,1,1,1,1,1,1,1,1,1,0,1,1,0,1
04260,1,0,1,0,0,0,0,0,0,1,0,1,0,0,0,0,1,1,1,1,0,0,1,0,0,1,0,0,0,1,0,1,0,1,1,0,1,0,0,0,0,0,0,0,0,0,0,1
04261,1,0,1,0,1,1,0,0,0,1,0,1,0,1,1,1,1,0,1,0,1,1,1,0,1,0,0,0,1,1,0,1,0,1,0,1,0,1,1,0,1,1,0,1,0,1,0,1
04262,1,0,1,1,0,0,0,0,0,0,0,1,1,1,1,1,1,1,1,1,1,1,1,0,1,1,1,0,1,1,0,1,0,1,1,0,1,1,1,0,0,1,1,0,1,1,0,1
04263,0,1,0,1,1,1,1,0,0,1,0,1,0,1,1,1,1,0,1,1,0,1,1,0,1,1,0,1,1,1,0,0,0,1,0,1,0,0,0,1,0,0,1,0,0,0,0,0
04264,0,0,0,0,1,1,0,0,0,1,0,0,0,0,0,1,0,0,1,1,0,0,1,0,0,0,0,0,0,0,0,1,0,0,0,0,0,0,0,0,1,1,0,0,0,0,0,1
04265,0,0,0,1,0,1,1,1,1,1,0,1,0,1,0,0,1,1,1,1,1,0,1,1,1,1,1,0,1,1,1,1,0,0,0,0,0,1,1,0,0,1,1,0,1,1,0,1
04266,0,0,0,0,0,0,1,0,0,1,1,0,0,1,0,0,0,0,0,1,1,1,1,0,0,1,1,0,1,1,0,0,0,0,0,0,0,1,1,0,0,0,0,0,0,0,0,0
04267,0,0,0,1,0,1,1,1,1,1,0,1,1,0,0,0,1,0,1,0,0,0,0,1,1,0,0,0,1,0,0,0,0,0,0,0,1,0,0,0,0,1,1,0,0,1,0,1
04268,0,0,0,0,0,0,0,0,0,0,0,0,0,0,0,0,0,0,1,0,0,0,1,0,0,1,0,0,0,0,0,1,0,0,0,0,1,0,0,0,0,1,0,0,0,0,0,0
04269,0,0,1,1,0,1,0,0,0,0,0,1,0,0,0,1,1,1,1,1,1,0,1,1,1,1,1,0,1,0,0,0,0,0,1,0,0,1,0,0,0,1,0,0,0,0,1,0
04270,1,0,0,1,1,0,1,0,1,1,0,1,1,1,0,1,1,1,1,1,1,1,1,1,1,1,0,1,1,0,0,1,1,0,0,0,1,0,0,0,0,1,0,1,0,1,0,0
04271,1,0,0,1,1,1,0,0,0,1,0,1,0,1,1,1,1,1,1,0,1,1,1,1,1,1,1,0,1,0,1,0,1,1,1,0,0,1,0,0,0,1,1,1,1,1,0,1
04272,1,0,0,0,0,0,0,0,1,0,0,0,0,0,0,0,1,0,1,0,0,0,1,0,1,0,1,0,0,1,0,0,0,0,0,1,0,0,0,0,0,1,1,0,0,0,0,1
04273,0,0,1,0,0,1,0,0,1,0,1,1,1,0,1,1,1,0,0,0,1,0,0,0,0,0,0,0,1,1,0,0,0,1,0,0,0,1,0,0,0,0,0,0,0,0,0,0
04274,0,0,0,0,0,0,0,0,0,0,0,0,0,1,0,0,0,0,0,1,1,0,0,0,0,0,0,0,0,0,0,0,0,0,0,0,1,1,0,0,0,0,1,0,0,0,1,0
04275,0,0,0,1,1,1,1,0,0,0,0,1,0,0,0,0,1,0,1,0,0,0,1,1,1,0,0,0,0,0,0,0,0,0,0,0,0,1,0,0,1,1,0,0,1,1,1,1
04276,1,0,0,0,0,0,1,0,0,0,1,0,0,0,0,0,0,0,0,1,0,0,1,0,0,0,0,0,0,0,1,1,1,0,0,0,0,1,0,0,0,0,1,1,0,0,0,0
04277,0,0,1,1,1,0,0,1,1,1,0,1,1,1,1,0,1,1,1,1,1,1,1,1,1,1,1,1,0,1,1,0,0,0,1,1,0,1,0,0,0,0,1,0,0,1,1,1
04278,1,0,0,1,0,0,1,0,1,1,1,1,0,1,0,1,0,1,1,1,1,1,1,1,0,1,1,0,1,0,0,1,0,0,0,0,0,1,1,0,0,0,1,0,0,0,1,1
04279,1,0,0,0,0,1,1,0,0,1,0,0,0,0,0,0,0,0,1,0,0,0,1,0,0,0,1,0,0,1,1,1,0,0,1,0,1,0,0,1,0,1,0,1,1,0,0,1
04280,0,0,1,0,1,1,0,0,0,0,0,0,0,0,0,1,0,1,0,1,1,0,1,1,0,1,0,0,0,1,0,1,0,0,1,0,0,1,0,0,0,0,0,0,0,0,0,0
04281,0,0,1,1,0,1,0,1,1,1,0,1,0,1,0,0,1,1,1,1,0,1,1,0,1,1,1,0,0,1,0,1,0,1,1,1,1,0,0,0,1,1,1,1,0,1,0,0
04282,0,0,0,0,0,1,0,0,0,1,0,1,0,0,0,1,0,1,1,0,1,0,1,1,1,0,0,0,0,0,0,0,0,0,0,0,1,1,1,0,0,0,0,0,0,0,0,1
04283,1,0,1,1,1,1,0,0,1,1,0,0,0,1,0,1,1,1,1,1,1,1,1,1,0,1,0,0,1,1,0,1,0,1,0,0,1,0,1,0,0,0,0,0,0,0,0,0
04284,0,0,0,0,1,1,0,0,0,0,0,0,1,1,0,1,0,0,0,1,0,1,1,0,0,1,0,1,0,1,0,1,0,0,0,0,0,1,0,0,0,0,1,0,0,1,1,0
04285,0,0,0,1,1,1,1,0,1,0,0,1,0,0,0,1,0,1,1,0,1,0,1,0,0,1,0,1,0,0,0,0,0,1,0,0,0,1,0,1,1,0,0,0,0,1,0,1
04286,1,0,0,0,1,1,1,1,1,1,0,1,1,0,0,0,0,1,1,1,1,1,1,0,0,1,1,0,1,0,0,0,0,1,1,1,0,1,0,1,0,0,1,0,0,0,1,0
04287,0,0,0,0,0,1,1,0,0,0,1,1,1,1,0,1,0,1,0,0,1,0,1,0,0,1,1,0,1,1,0,1,0,0,0,0,0,1,1,0,0,0,0,0,0,0,0,0
04288,1,0,1,1,1,1,1,0,0,0,1,0,1,0,0,0,0,1,1,0,1,0,0,0,0,0,0,0,1,1,1,1,0,0,1,1,1,0,0,0,0,0,0,0,0,1,0,0
04289,1,0,1,0,1,1,0,0,0,1,0,0,0,0,0,0,0,0,0,0,0,0,1,0,0,0,0,0,0,0,0,1,0,0,1,1,1,0,0,0,0,0,0,0,0,0,0,1
04290,0,0,1,0,0,1,1,0,1,1,0,1,0,0,0,1,0,1,0,0,1,1,1,1,1,0,0,0,0,1,1,1,0,1,1,1,1,1,1,0,1,1,0,1,0,0,1,1
04291,1,1,0,1,1,0,1,0,0,1,1,1,0,1,0,0,1,1,1,0,0,1,1,1,1,1,1,1,0,0,0,0,0,1,1,1,0,0,1,0,0,1,0,0,0,0,0,1
04292,0,0,0,0,0,0,0,0,0,1,0,1,0,0,0,0,1,1,1,1,1,0,1,1,1,0,0,0,1,1,0,0,1,0,0,0,0,1,1,0,0,1,0,0,0,1,0,1
04293,0,0,1,0,0,0,1,0,0,0,1,0,0,1,0,0,0,0,0,0,0,0,1,1,1,1,0,0,0,1,0,0,0,0,1,0,0,0,0,0,0,0,0,0,0,0,0,1
04294,0,0,1,1,0,1,0,0,0,1,1,1,0,1,0,0,0,0,0,0,0,0,0,0,0,0,1,0,0,1,0,1,0,0,0,1,0,1,0,0,0,0,0,0,0,0,1,0
04295,1,0,0,1,0,1,0,1,0,1,1,0,0,1,1,1,1,0,1,0,1,1,1,0,0,1,0,0,0,0,0,0,0,1,1,1,1,1,1,0,0,0,0,0,0,0,0,1
04296,0,0,1,1,1,0,1,0,1,0,0,1,0,1,0,0,0,1,0,1,1,1,1,0,0,0,1,0,1,1,0,1,0,0,0,1,1,1,0,0,0,0,0,0,0,0,0,0
04297,0,0,0,1,1,0,0,0,1,0,0,1,0,1,1,1,1,1,1,0,1,0,1,1,1,1,1,0,0,1,0,0,0,0,0,0,0,0,1,0,0,0,1,1,0,1,0,1
04298,1,0,0,0,0,0,0,0,0,1,1,1,1,1,0,0,0,1,1,0,1,0,1,0,1,0,0,0,0,1,0,1,0,1,1,1,1,1,0,1,1,0,0,0,0,0,0,1
04299,0,0,0,1,0,1,0,0,0,0,1,0,0,0,0,1,0,0,1,0,1,0,1,0,0,1,1,0,1,1,0,0,0,0,1,0,0,1,0,0,0,0,1,0,0,0,0,1
04300,0,0,0,0,1,0,1,0,0,1,0,0,1,0,0,0,0,1,1,1,1,1,1,0,1,1,1,0,1,0,0,0,0,1,1,0,0,0,0,0,0,0,1,0,0,0,0,1
04301,0,0,1,0,1,1,0,1,0,1,0,0,0,1,1,1,1,1,0,0,1,1,1,0,0,1,1,0,1,1,0,1,0,0,1,0,0,0,0,1,1,0,0,0,0,0,0,0
04302,0,0,0,0,1,1,0,1,0,1,0,0,0,0,1,0,0,1,1,1,0,0,1,0,1,0,0,0,0,0,0,1,0,0,0,0,0,1,0,0,0,0,0,0,0,0,0,1
04303,1,0,0,1,1,1,0,0,0,1,0,0,0,1,0,0,0,1,1,1,1,0,1,0,0,0,0,1,0,0,0,1,0,1,0,0,0,0,0,0,0,1,1,0,0,0,0,0
04304,1,0,0,1,1,1,1,1,0,1,1,0,0,1,0,0,0,1,1,0,1,1,1,0,1,1,0,0,1,1,0,1,0,0,1,0,0,0,1,0,1,0,0,1,1,1,1,1
04305,0,0,0,0,0,1,0,0,0,1,1,1,1,1,0,0,0,0,0,0,0,0,1,0,0,0,0,0,0,1,0,1,0,0,0,0,1,0,0,0,0,0,0,0,0,0,0,0
04306,0,1,0,1,1,1,1,0,1,1,0,1,1,1,1,1,1,1,1,1,1,0,1,1,1,1,1,0,1,1,1,0,1,0,0,1,1,1,1,0,1,1,0,0,0,1,0,1
04307,0,0,0,1,0,1,1,0,1,1,0,0,1,1,0,1,1,0,1,1,1,1,1,1,1,1,1,0,1,1,0,1,0,0,0,0,1,1,1,0,0,0,1,0,0,0,0,0
04308,0,0,0,1,0,1,0,0,0,1,0,0,0,0,0,0,0,0,0,1,0,1,0,0,0,0,0,0,1,0,0,1,0,0,0,0,0,1,0,0,0,1,1,0,0,0,0,1
04309,1,0,0,0,1,1,0,0,0,1,1,1,0,1,0,0,1,0,1,1,0,0,1,1,0,0,0,0,0,0,0,0,0,0,0,0,0,1,1,0,0,0,1,0,0,1,1,1
04310,0,1,0,0,1,0,1,0,0,0,0,0,1,0,0,0,0,0,0,0,0,0,0,1,0,0,0,0,0,0,1,0,0,0,1,0,0,0,0,0,0,0,0,0,0,0,0,0
04311,0,0,0,0,0,0,0,0,1,1,0,1,1,0,0,0,0,1,1,1,1,0,0,0,0,0,0,0,0,1,0,0,0,0,1,0,0,0,1,0,1,1,0,1,0,0,0,0
04312,0,0,0,0,1,1,0,0,0,1,0,0,0,1,0,1,1,1,1,0,1,1,1,1,1,1,1,0,1,1,0,0,0,0,1,0,1,1,0,0,0,0,1,0,1,1,0,1
04313,0,0,1,0,0,1,0,0,0,1,0,1,0,1,0,1,0,0,0,1,1,0,1,1,0,1,1,0,0,1,0,0,1,0,0,0,1,1,1,1,1,0,1,1,0,0,0,0
04314,1,0,1,1,1,0,0,0,0,0,0,0,0,1,0,1,0,1,0,1,1,0,1,0,1,1,0,0,0,0,0,0,0,1,0,1,1,0,0,0,0,0,0,0,0,0,0,1
04315,1,0,1,1,0,1,0,0,1,1,0,1,1,0,0,0,0,0,0,0,0,0,0,0,0,0,0,0,0,0,0,0,0,0,0,0,0,1,1,0,0,0,1,0,0,0,0,0
04316,0,0,1,0,0,0,0,0,0,0,1,0,0,0,0,0,0,1,0,0,0,0,0,0,1,0,0,0,1,0,0,0,0,0,0,0,1,0,1,0,0,0,1,0,0,1,0,0
04317,0,0,0,0,0,1,0,1,0,1,1,0,1,1,1,0,1,1,1,1,1,1,1,0,0,1,1,0,0,1,0,1,0,0,1,0,1,1,0,0,0,1,0,1,1,1,1,1
04318,0,0,0,0,1,1,0,0,0,1,0,1,1,0,0,0,1,0,0,1,0,0,1,0,0,0,0,1,0,1,1,0,0,0,0,0,0,1,0,0,0,0,0,0,0,1,0,0
04319,0,0,0,0,1,0,0,0,1,0,0,1,0,0,0,0,0,0,1,0,0,0,1,0,0,0,0,0,0,0,1,1,0,0,0,0,1,1,0,0,0,0,0,0,0,0,0,1
04320,1,0,1,0,0,1,0,0,1,1,0,0,0,0,0,1,0,0,0,0,0,0,1,0,1,0,0,0,0,0,0,0,0,0,0,1,0,0,0,0,0,0,0,0,0,0,0,0
04321,0,0,1,1,1,1,0,0,1,1,0,1,0,1,0,1,0,0,1,1,1,1,1,1,1,1,1,0,1,0,0,0,0,1,1,0,0,0,1,0,0,0,0,1,0,0,0,1
04322,0,0,0,1,1,1,0,0,1,1,1,0,0,0,0,0,0,1,1,1,0,1,1,1,0,1,1,0,1,0,0,1,1,0,0,0,0,1,1,0,0,1,1,1,1,0,1,1
04323,0,1,0,1,1,1,0,1,1,1,1,1,1,1,1,1,0,1,1,1,1,1,1,0,1,1,1,0,1,0,0,1,0,1,1,0,1,1,1,1,0,0,1,0,0,1,0,1
04324,1,0,0,1,1,0,0,0,0,1,0,0,0,1,0,0,1,1,1,1,1,1,1,1,1,1,1,0,0,0,0,0,1,1,1,0,1,1,1,0,0,0,1,0,1,1,0,1
04325,1,0,1,1,0,1,1,0,1,0,0,0,0,0,0,1,0,0,1,0,0,0,1,0,1,1,0,0,0,0,0,1,1,0,1,0,0,1,0,0,0,0,0,1,0,0,0,1
04326,0,0,1,0,0,1,0,0,0,0,0,1,0,1,0,1,0,0,1,0,1,0,0,0,0,0,0,0,0,1,0,0,1,0,0,0,0,1,0,0,0,1,0,0,0,0,0,0
04327,0,0,0,0,0,0,1,0,1,0,0,1,1,1,0,0,0,0,0,0,1,0,1,0,0,0,0,0,0,1,0,0,0,0,0,0,0,1,0,0,0,0,1,0,0,0,0,1
04328,0,0,0,0,0,0,0,0,0,1,0,1,0,1,0,0,0,0,1,0,0,1,1,0,1,1,0,0,0,1,0,0,1,0,1,0,0,1,1,0,1,1,1,1,0,0,0,1
04329,0,0,0,1,0,0,0,0,1,1,1,1,0,0,1,0,0,1,0,0,1,0,1,0,1,1,0,0,1,0,1,1,0,0,0,0,0,0,0,0,0,0,0,0,1,0,0,1
04330,0,0,0,0,1,1,0,0,0,1,0,0,0,1,0,1,1,0,1,0,1,0,1,0,1,0,1,0,1,0,0,0,0,0,0,0,1,1,0,0,0,0,0,0,0,1,0,1
04331,0,0,0,1,1,0,0,1,0,1,0,1,0,1,0,1,1,1,1,0,1,0,0,0,0,1,0,0,0,1,0,1,0,0,0,0,1,0,0,1,0,0,1,0,0,0,1,1
04332,0,0,0,0,1,0,0,0,0,0,0,0,0,1,0,0,0,1,0,0,0,0,0,0,0,0,0,0,0,0,0,0,0,0,1,0,0,0,0,0,1,1,1,0,0,0,0,0
04333,0,0,1,1,1,1,1,1,0,1,0,1,1,0,1,1,0,1,0,1,1,0,1,1,0,1,1,1,1,1,1,0,0,0,1,0,1,1,1,0,1,0,1,0,0,1,0,0
04334,0,0,0,1,0,1,0,0,0,1,0,1,1,0,0,1,0,0,1,0,1,0,0,0,1,1,1,0,0,1,0,0,0,0,0,0,0,1,0,0,0,0,1,0,0,0,0,1
04335,0,1,1,1,1,1,1,0,0,0,0,1,1,0,0,1,0,0,1,0,0,1,1,1,1,1,0,0,0,0,0,1,0,0,0,0,1,1,0,0,0,0,1,0,0,0,1,0
04336,0,0,0,1,0,0,0,0,0,1,0,1,0,0,0,1,0,0,0,0,1,1,1,0,0,1,1,0,1,1,0,1,0,1,0,0,0,0,0,1,1,0,0,0,1,0,1,0
04337,1,0,0,1,0,1,1,1,0,1,1,1,1,0,1,0,0,0,1,0,0,1,0,1,1,1,0,1,0,1,0,1,0,1,0,0,1,0,1,1,0,0,1,0,0,1,1,0
04338,0,0,0,1,1,0,1,0,0,1,0,1,1,0,1,1,0,0,1,1,0,0,1,0,0,0,0,0,0,0,0,0,0,1,0,0,1,1,0,1,1,0,0,0,0,0,1,1
04339,1,1,0,1,1,0,0,0,0,1,0,1,1,1,1,0,1,1,0,0,0,0,1,1,0,0,0,0,0,0,1,0,0,0,0,0,0,1,0,0,0,1,0,0,0,1,0,1
04340,1,0,0,1,1,1,0,0,0,1,0,1,0,1,1,1,1,1,1,0,1,1,1,0,1,1,0,0,0,1,0,1,0,0,0,0,1,1,0,0,1,0,0,1,1,1,0,1
04349,0,0,0,0,0,0,0,0,0,0,0,1,0,0,1,0,0,1,1,0,0,0,0,0,1,0,1,0,0,0,0,0,0,0,0,1,0,0,0,0,0,0,0,0,0,0,0,0
04344,0,0,1,1,1,0,0,0,0,1,0,1,0,1,0,0,1,0,1,1,1,0,1,1,0,1,1,0,0,0,0,1,0,1,1,0,0,1,1,0,1,0,1,1,1,1,0,0
04345,0,0,1,0,0,1,1,0,0,0,0,0,0,1,0,0,0,1,0,0,0,0,1,0,1,0,1,0,1,0,0,1,1,0,1,0,1,0,0,0,0,0,0,0,0,0,0,0
04346,0,0,1,0,0,0,0,0,0,0,0,0,0,1,0,0,0,0,0,0,0,0,0,0,0,0,0,1,0,0,0,1,0,0,1,0,1,0,0,0,0,0,1,0,0,0,0,1
04347,0,0,1,1,0,1,0,0,0,0,0,0,0,0,1,1,0,0,0,0,0,0,1,0,0,0,1,0,0,1,0,0,0,0,0,1,0,1,0,0,0,0,1,0,0,1,1,0
04348,0,0,0,0,1,1,0,0,0,0,0,0,1,0,0,1,0,0,0,0,0,1,0,0,0,0,0,0,0,1,0,0,0,0,0,0,1,1,1,0,1,1,0,0,0,0,0,0
04342,0,0,0,1,0,0,0,0,0,0,0,0,0,0,0,0,1,0,0,0,1,1,0,0,0,0,0,0,0,0,0,0,0,0,1,0,0,0,0,0,0,0,0,0,0,0,0,1
04341,0,0,0,0,0,1,1,0,1,0,0,1,0,0,0,0,0,0,1,0,0,1,0,0,1,0,0,0,0,0,0,1,0,0,0,0,1,0,1,1,0,0,1,0,1,0,1,0
04343,0,0,0,1,0,0,0,0,0,1,0,1,0,0,0,0,1,1,1,0,1,0,1,1,1,0,0,0,0,0,0,0,0,1,0,0,0,1,0,0,0,0,0,0,0,1,0,1
